Account Number,Date,Description,Mid,Channel,Debit Amount,Credit Amount
1.45001E+12,14/03/2024,Pbyrn Merchant ,2278005410,PT. Bank Mandiri (Persero) Tbk.-B2C, -   , 99.00 
1.45001E+12,14/03/2024,Pbyrn Merchant ,2270010154,PT. Bank Mandiri (Persero) Tbk.-B2C, -   ," 29,760.00 "
1.45001E+12,14/03/2024,Pbyrn Merchant ,2270009552,PT. Bank Mandiri (Persero) Tbk.-B2C, -   ," 49,600.00 "
1.45001E+12,14/03/2024,Pbyrn Merchant ,2270010306,PT. Bank Mandiri (Persero) Tbk.-B2C, -   ," 126,883.00 "
1.45001E+12,14/03/2024,Pbyrn Merchant ,2270010258,PT. Bank Mandiri (Persero) Tbk.-B2C, -   ," 150,367.00 "
1.45001E+12,14/03/2024,Pbyrn Merchant ,2270010168,PT. Bank Mandiri (Persero) Tbk.-B2C, -   ," 153,207.00 "
1.45001E+12,14/03/2024,Pbyrn Merchant ,2273002522,PT. Bank Mandiri (Persero) Tbk.-B2C, -   ," 153,664.00 "
1.45001E+12,14/03/2024,Pbyrn Merchant ,2270010145,PT. Bank Mandiri (Persero) Tbk.-B2C, -   ," 183,520.00 "
1.45001E+12,14/03/2024,Pbyrn Merchant ,2278007421,PT. Bank Mandiri (Persero) Tbk.-B2C, -   ," 183,776.00 "
1.45001E+12,14/03/2024,Pbyrn Merchant ,2270010192,PT. Bank Mandiri (Persero) Tbk.-B2C, -   ," 207,160.00 "
1.45001E+12,14/03/2024,Pbyrn Merchant ,2270010261,PT. Bank Mandiri (Persero) Tbk.-B2C, -   ," 213,606.00 "
1.45001E+12,14/03/2024,Pbyrn Merchant ,2270009945,PT. Bank Mandiri (Persero) Tbk.-B2C, -   ," 215,332.00 "
1.45001E+12,14/03/2024,Pbyrn Merchant ,2273002521,PT. Bank Mandiri (Persero) Tbk.-B2C, -   ," 243,040.00 "
1.45001E+12,14/03/2024,Pbyrn Merchant ,2270010232,PT. Bank Mandiri (Persero) Tbk.-B2C, -   ," 244,130.00 "
1.45001E+12,14/03/2024,Pbyrn Merchant ,2270010153,PT. Bank Mandiri (Persero) Tbk.-B2C, -   ," 261,794.00 "
1.45001E+12,14/03/2024,Pbyrn Merchant ,2270008743,PT. Bank Mandiri (Persero) Tbk.-B2C, -   ," 291,648.00 "
1.45001E+12,14/03/2024,Pbyrn Merchant ,2278008133,PT. Bank Mandiri (Persero) Tbk.-B2C, -   ," 299,444.00 "
1.45001E+12,14/03/2024,Pbyrn Merchant ,2270010301,PT. Bank Mandiri (Persero) Tbk.-B2C, -   ," 302,259.00 "
1.45001E+12,14/03/2024,Pbyrn Merchant ,2270010275,PT. Bank Mandiri (Persero) Tbk.-B2C, -   ," 350,542.00 "
1.45001E+12,14/03/2024,Pbyrn Merchant ,2270010315,PT. Bank Mandiri (Persero) Tbk.-B2C, -   ," 364,241.00 "
1.45001E+12,14/03/2024,Pbyrn Merchant ,2278005422,PT. Bank Mandiri (Persero) Tbk.-B2C, -   ," 394,200.00 "
1.45001E+12,14/03/2024,Pbyrn Merchant ,2270010177,PT. Bank Mandiri (Persero) Tbk.-B2C, -   ," 404,736.00 "
1.45001E+12,14/03/2024,Pbyrn Merchant ,2277000856,PT. Bank Mandiri (Persero) Tbk.-B2C, -   ," 417,966.00 "
1.45001E+12,14/03/2024,Pbyrn Merchant ,2270010170,PT. Bank Mandiri (Persero) Tbk.-B2C, -   ," 443,475.00 "
1.45001E+12,14/03/2024,Pbyrn Merchant ,2273002504,PT. Bank Mandiri (Persero) Tbk.-B2C, -   ," 453,330.00 "
1.45001E+12,14/03/2024,Pbyrn Merchant ,2284000830,PT. Bank Mandiri (Persero) Tbk.-B2C, -   ," 491,764.00 "
1.45001E+12,14/03/2024,Pbyrn Merchant ,2278008126,PT. Bank Mandiri (Persero) Tbk.-B2C, -   ," 494,076.00 "
1.45001E+12,14/03/2024,Pbyrn Merchant ,2270009498,PT. Bank Mandiri (Persero) Tbk.-B2C, -   ," 507,798.00 "
1.45001E+12,14/03/2024,Pbyrn Merchant ,2270009916,PT. Bank Mandiri (Persero) Tbk.-B2C, -   ," 514,381.00 "
1.45001E+12,14/03/2024,Pbyrn Merchant ,2270008488,PT. Bank Mandiri (Persero) Tbk.-B2C, -   ," 515,840.00 "
1.45001E+12,14/03/2024,Pbyrn Merchant ,2276000514,PT. Bank Mandiri (Persero) Tbk.-B2C, -   ," 527,834.00 "
1.45001E+12,14/03/2024,Pbyrn Merchant ,2270010221,PT. Bank Mandiri (Persero) Tbk.-B2C, -   ," 566,662.00 "
1.45001E+12,14/03/2024,Pbyrn Merchant ,2270009920,PT. Bank Mandiri (Persero) Tbk.-B2C, -   ," 591,300.00 "
1.45001E+12,14/03/2024,Pbyrn Merchant ,2270010244,PT. Bank Mandiri (Persero) Tbk.-B2C, -   ," 627,440.00 "
1.45001E+12,14/03/2024,Pbyrn Merchant ,2284000857,PT. Bank Mandiri (Persero) Tbk.-B2C, -   ," 639,491.00 "
1.45001E+12,14/03/2024,Pbyrn Merchant ,2278005429,PT. Bank Mandiri (Persero) Tbk.-B2C, -   ," 640,575.00 "
1.45001E+12,14/03/2024,Pbyrn Merchant ,2270010223,PT. Bank Mandiri (Persero) Tbk.-B2C, -   ," 641,340.00 "
1.45001E+12,14/03/2024,Pbyrn Merchant ,2278007849,PT. Bank Mandiri (Persero) Tbk.-B2C, -   ," 668,154.00 "
1.45001E+12,14/03/2024,Pbyrn Merchant ,2270010142,PT. Bank Mandiri (Persero) Tbk.-B2C, -   ," 670,140.00 "
1.45001E+12,14/03/2024,Pbyrn Merchant ,2270010310,PT. Bank Mandiri (Persero) Tbk.-B2C, -   ," 699,705.00 "
1.45001E+12,14/03/2024,Pbyrn Merchant ,2278008102,PT. Bank Mandiri (Persero) Tbk.-B2C, -   ," 699,706.00 "
1.45001E+12,14/03/2024,Pbyrn Merchant ,2278005424,PT. Bank Mandiri (Persero) Tbk.-B2C, -   ," 704,633.00 "
1.45001E+12,14/03/2024,Pbyrn Merchant ,2270010285,PT. Bank Mandiri (Persero) Tbk.-B2C, -   ," 706,539.00 "
1.45001E+12,14/03/2024,Pbyrn Merchant ,2270010316,PT. Bank Mandiri (Persero) Tbk.-B2C, -   ," 707,072.00 "
1.45001E+12,14/03/2024,Pbyrn Merchant ,2270010173,PT. Bank Mandiri (Persero) Tbk.-B2C, -   ," 749,952.00 "
1.45001E+12,14/03/2024,Pbyrn Merchant ,2284000837,PT. Bank Mandiri (Persero) Tbk.-B2C, -   ," 766,374.00 "
1.45001E+12,14/03/2024,Pbyrn Merchant ,2278007872,PT. Bank Mandiri (Persero) Tbk.-B2C, -   ," 781,600.00 "
1.45001E+12,14/03/2024,Pbyrn Merchant ,2270010248,PT. Bank Mandiri (Persero) Tbk.-B2C, -   ," 804,365.00 "
1.45001E+12,14/03/2024,Pbyrn Merchant ,2278008852,PT. Bank Mandiri (Persero) Tbk.-B2C, -   ," 907,164.00 "
1.45001E+12,14/03/2024,Pbyrn Merchant ,2270009546,PT. Bank Mandiri (Persero) Tbk.-B2C, -   ," 937,210.00 "
1.45001E+12,14/03/2024,Pbyrn Merchant ,2278008825,PT. Bank Mandiri (Persero) Tbk.-B2C, -   ," 983,529.00 "
1.45001E+12,14/03/2024,Pbyrn Merchant ,2270010262,PT. Bank Mandiri (Persero) Tbk.-B2C, -   ," 995,355.00 "
1.45001E+12,14/03/2024,Pbyrn Merchant ,2278007469,PT. Bank Mandiri (Persero) Tbk.-B2C, -   ," 999,500.00 "
1.45001E+12,14/03/2024,Pbyrn Merchant ,2278008103,PT. Bank Mandiri (Persero) Tbk.-B2C, -   ," 1,013,779.00 "
1.45001E+12,14/03/2024,Pbyrn Merchant ,2278007861,PT. Bank Mandiri (Persero) Tbk.-B2C, -   ," 1,017,792.00 "
1.45001E+12,14/03/2024,Pbyrn Merchant ,2284000836,PT. Bank Mandiri (Persero) Tbk.-B2C, -   ," 1,029,847.00 "
1.45001E+12,14/03/2024,Pbyrn Merchant ,2270010287,PT. Bank Mandiri (Persero) Tbk.-B2C, -   ," 1,034,775.00 "
1.45001E+12,14/03/2024,Pbyrn Merchant ,2278008149,PT. Bank Mandiri (Persero) Tbk.-B2C, -   ," 1,036,640.00 "
1.45001E+12,14/03/2024,Pbyrn Merchant ,2270010133,PT. Bank Mandiri (Persero) Tbk.-B2C, -   ," 1,044,630.00 "
1.45001E+12,14/03/2024,Pbyrn Merchant ,2273002503,PT. Bank Mandiri (Persero) Tbk.-B2C, -   ," 1,099,375.00 "
1.45001E+12,14/03/2024,Pbyrn Merchant ,2278008833,PT. Bank Mandiri (Persero) Tbk.-B2C, -   ," 1,167,897.00 "
1.45001E+12,14/03/2024,Pbyrn Merchant ,2270010266,PT. Bank Mandiri (Persero) Tbk.-B2C, -   ," 1,209,025.00 "
1.45001E+12,14/03/2024,Pbyrn Merchant ,2278007170,PT. Bank Mandiri (Persero) Tbk.-B2C, -   ," 1,227,699.00 "
1.45001E+12,14/03/2024,Pbyrn Merchant ,2270010241,PT. Bank Mandiri (Persero) Tbk.-B2C, -   ," 1,281,150.00 "
1.45001E+12,14/03/2024,Pbyrn Merchant ,2278007846,PT. Bank Mandiri (Persero) Tbk.-B2C, -   ," 1,583,353.00 "
1.45001E+12,14/03/2024,Pbyrn Merchant ,2270009454,PT. Bank Mandiri (Persero) Tbk.-B2C, -   ," 1,598,212.00 "
1.45001E+12,14/03/2024,Pbyrn Merchant ,2270009190,PT. Bank Mandiri (Persero) Tbk.-B2C, -   ," 1,605,254.00 "
1.45001E+12,14/03/2024,Pbyrn Merchant ,2270010278,PT. Bank Mandiri (Persero) Tbk.-B2C, -   ," 1,606,917.00 "
1.45001E+12,14/03/2024,Pbyrn Merchant ,2273002540,PT. Bank Mandiri (Persero) Tbk.-B2C, -   ," 1,697,277.00 "
1.45001E+12,14/03/2024,Pbyrn Merchant ,2278008122,PT. Bank Mandiri (Persero) Tbk.-B2C, -   ," 1,750,053.00 "
1.45001E+12,14/03/2024,Pbyrn Merchant ,2278005419,PT. Bank Mandiri (Persero) Tbk.-B2C, -   ," 1,759,117.00 "
1.45001E+12,14/03/2024,Pbyrn Merchant ,2270009453,PT. Bank Mandiri (Persero) Tbk.-B2C, -   ," 1,759,117.00 "
1.45001E+12,14/03/2024,Pbyrn Merchant ,2270010260,PT. Bank Mandiri (Persero) Tbk.-B2C, -   ," 1,765,760.00 "
1.45001E+12,14/03/2024,Pbyrn Merchant ,2273002517,PT. Bank Mandiri (Persero) Tbk.-B2C, -   ," 1,809,177.00 "
1.45001E+12,14/03/2024,Pbyrn Merchant ,2270010302,PT. Bank Mandiri (Persero) Tbk.-B2C, -   ," 1,831,066.00 "
1.45001E+12,14/03/2024,Pbyrn Merchant ,2270010130,PT. Bank Mandiri (Persero) Tbk.-B2C, -   ," 1,933,699.00 "
1.45001E+12,14/03/2024,Pbyrn Merchant ,2270010274,PT. Bank Mandiri (Persero) Tbk.-B2C, -   ," 1,967,521.00 "
1.45001E+12,14/03/2024,Pbyrn Merchant ,2273002513,PT. Bank Mandiri (Persero) Tbk.-B2C, -   ," 2,135,628.00 "
1.45001E+12,14/03/2024,Pbyrn Merchant ,2270008565,PT. Bank Mandiri (Persero) Tbk.-B2C, -   ," 2,147,010.00 "
1.45001E+12,14/03/2024,Pbyrn Merchant ,2278008854,PT. Bank Mandiri (Persero) Tbk.-B2C, -   ," 2,211,462.00 "
1.45001E+12,14/03/2024,Pbyrn Merchant ,2270010209,PT. Bank Mandiri (Persero) Tbk.-B2C, -   ," 2,265,734.00 "
1.45001E+12,14/03/2024,Pbyrn Merchant ,2270010265,PT. Bank Mandiri (Persero) Tbk.-B2C, -   ," 2,352,065.00 "
1.45001E+12,14/03/2024,Pbyrn Merchant ,2270010234,PT. Bank Mandiri (Persero) Tbk.-B2C, -   ," 2,405,475.00 "
1.45001E+12,14/03/2024,Pbyrn Merchant ,2270009563,PT. Bank Mandiri (Persero) Tbk.-B2C, -   ," 2,468,677.00 "
1.45001E+12,14/03/2024,Pbyrn Merchant ,2270009503,PT. Bank Mandiri (Persero) Tbk.-B2C, -   ," 2,500,435.00 "
1.45001E+12,14/03/2024,Pbyrn Merchant ,2270010282,PT. Bank Mandiri (Persero) Tbk.-B2C, -   ," 2,610,309.00 "
1.45001E+12,14/03/2024,Pbyrn Merchant ,2278007717,PT. Bank Mandiri (Persero) Tbk.-B2C, -   ," 2,618,384.00 "
1.45001E+12,14/03/2024,Pbyrn Merchant ,2278008837,PT. Bank Mandiri (Persero) Tbk.-B2C, -   ," 2,639,169.00 "
1.45001E+12,14/03/2024,Pbyrn Merchant ,2270009134,PT. Bank Mandiri (Persero) Tbk.-B2C, -   ," 2,650,285.00 "
1.45001E+12,14/03/2024,Pbyrn Merchant ,2273002507,PT. Bank Mandiri (Persero) Tbk.-B2C, -   ," 2,764,327.00 "
1.45001E+12,14/03/2024,Pbyrn Merchant ,2278005393,PT. Bank Mandiri (Persero) Tbk.-B2C, -   ," 3,015,630.00 "
1.45001E+12,14/03/2024,Pbyrn Merchant ,2270010283,PT. Bank Mandiri (Persero) Tbk.-B2C, -   ," 3,035,044.00 "
1.45001E+12,14/03/2024,Pbyrn Merchant ,2270010219,PT. Bank Mandiri (Persero) Tbk.-B2C, -   ," 3,248,524.00 "
1.45001E+12,14/03/2024,Pbyrn Merchant ,2270010140,PT. Bank Mandiri (Persero) Tbk.-B2C, -   ," 3,537,187.00 "
1.45001E+12,14/03/2024,Pbyrn Merchant ,2270009478,PT. Bank Mandiri (Persero) Tbk.-B2C, -   ," 3,563,669.00 "
1.45001E+12,14/03/2024,Pbyrn Merchant ,2270010311,PT. Bank Mandiri (Persero) Tbk.-B2C, -   ," 3,577,881.00 "
1.45001E+12,14/03/2024,Pbyrn Merchant ,2278008832,PT. Bank Mandiri (Persero) Tbk.-B2C, -   ," 3,687,859.00 "
1.45001E+12,14/03/2024,Pbyrn Merchant ,2270010174,PT. Bank Mandiri (Persero) Tbk.-B2C, -   ," 4,521,530.00 "
1.45001E+12,14/03/2024,Pbyrn Merchant ,2273002506,PT. Bank Mandiri (Persero) Tbk.-B2C, -   ," 4,685,492.00 "
1.45001E+12,14/03/2024,Pbyrn Merchant ,2270010281,PT. Bank Mandiri (Persero) Tbk.-B2C, -   ," 4,971,845.00 "
1.45001E+12,14/03/2024,Pbyrn Merchant ,2270010273,PT. Bank Mandiri (Persero) Tbk.-B2C, -   ," 5,262,570.00 "
1.45001E+12,14/03/2024,Pbyrn Merchant ,2278008110,PT. Bank Mandiri (Persero) Tbk.-B2C, -   ," 5,355,289.00 "
1.45001E+12,14/03/2024,Pbyrn Merchant ,2278007240,PT. Bank Mandiri (Persero) Tbk.-B2C, -   ," 6,934,900.00 "
1.45001E+12,14/03/2024,Pbyrn Merchant ,2276000513,PT. Bank Mandiri (Persero) Tbk.-B2C, -   ," 10,893,331.00 "
1.45001E+12,14/03/2024,Pbyrn Merchant ,2273002520,PT. Bank Mandiri (Persero) Tbk.-B2C, -   ," 25,314,508.00 "
1.45001E+12,14/03/2024,Pbyrn Merchant ,2278007375,PT. Bank Mandiri (Persero) Tbk.-B2C, -   ," 29,450,682.00 "
1.65009E+12,14/03/2024,Pbyrn Merchant,2189025405,PT. Bank Mandiri (Persero) Tbk.-B2C, -   , 2.00 
1.65009E+12,14/03/2024,Pbyrn Merchant,2250004530,PT. Bank Mandiri (Persero) Tbk.-B2C, -   , 98.00 
1.65009E+12,14/03/2024,Pbyrn Merchant,2156010355,PT. Bank Mandiri (Persero) Tbk.-B2C, -   , 99.00 
1.65009E+12,14/03/2024,Pbyrn Merchant,2189025449,PT. Bank Mandiri (Persero) Tbk.-B2C, -   ," 2,976.00 "
1.65009E+12,14/03/2024,Pbyrn Merchant,2188034758,PT. Bank Mandiri (Persero) Tbk.-B2C, -   ," 6,944.00 "
1.65009E+12,14/03/2024,Pbyrn Merchant,2156009724,PT. Bank Mandiri (Persero) Tbk.-B2C, -   ," 7,440.00 "
1.65009E+12,14/03/2024,Pbyrn Merchant,2189023693,PT. Bank Mandiri (Persero) Tbk.-B2C, -   ," 12,879.00 "
1.65009E+12,14/03/2024,Pbyrn Merchant,2179011177,PT. Bank Mandiri (Persero) Tbk.-B2C, -   ," 16,864.00 "
1.65009E+12,14/03/2024,Pbyrn Merchant,2190010452,PT. Bank Mandiri (Persero) Tbk.-B2C, -   ," 24,800.00 "
1.65009E+12,14/03/2024,Pbyrn Merchant,2159009989,PT. Bank Mandiri (Persero) Tbk.-B2C, -   ," 33,579.00 "
1.65009E+12,14/03/2024,Pbyrn Merchant,2189025135,PT. Bank Mandiri (Persero) Tbk.-B2C, -   ," 41,586.00 "
1.65009E+12,14/03/2024,Pbyrn Merchant,2189025134,PT. Bank Mandiri (Persero) Tbk.-B2C, -   ," 41,756.00 "
1.65009E+12,14/03/2024,Pbyrn Merchant,2189025384,PT. Bank Mandiri (Persero) Tbk.-B2C, -   ," 43,152.00 "
1.65009E+12,14/03/2024,Pbyrn Merchant,2172001691,PT. Bank Mandiri (Persero) Tbk.-B2C, -   ," 44,640.00 "
1.65009E+12,14/03/2024,Pbyrn Merchant,2224006201,PT. Bank Mandiri (Persero) Tbk.-B2C, -   ," 49,225.00 "
1.65009E+12,14/03/2024,Pbyrn Merchant,2269006653,PT. Bank Mandiri (Persero) Tbk.-B2C, -   ," 50,096.00 "
1.65009E+12,14/03/2024,Pbyrn Merchant,2189025130,PT. Bank Mandiri (Persero) Tbk.-B2C, -   ," 56,197.00 "
1.65009E+12,14/03/2024,Pbyrn Merchant,2190009403,PT. Bank Mandiri (Persero) Tbk.-B2C, -   ," 59,520.00 "
1.65009E+12,14/03/2024,Pbyrn Merchant,2191013174,PT. Bank Mandiri (Persero) Tbk.-B2C, -   ," 66,464.00 "
1.65009E+12,14/03/2024,Pbyrn Merchant,2269006480,PT. Bank Mandiri (Persero) Tbk.-B2C, -   ," 67,154.00 "
1.65009E+12,14/03/2024,Pbyrn Merchant,2189025127,PT. Bank Mandiri (Persero) Tbk.-B2C, -   ," 69,958.00 "
1.65009E+12,14/03/2024,Pbyrn Merchant,2189025144,PT. Bank Mandiri (Persero) Tbk.-B2C, -   ," 73,618.00 "
1.65009E+12,14/03/2024,Pbyrn Merchant,2189024476,PT. Bank Mandiri (Persero) Tbk.-B2C, -   ," 74,202.00 "
1.65009E+12,14/03/2024,Pbyrn Merchant,2189025141,PT. Bank Mandiri (Persero) Tbk.-B2C, -   ," 86,065.00 "
1.65009E+12,14/03/2024,Pbyrn Merchant,2177016349,PT. Bank Mandiri (Persero) Tbk.-B2C, -   ," 93,248.00 "
1.65009E+12,14/03/2024,Pbyrn Merchant,2278006170,PT. Bank Mandiri (Persero) Tbk.-B2C, -   ," 93,248.00 "
1.65009E+12,14/03/2024,Pbyrn Merchant,2189023770,PT. Bank Mandiri (Persero) Tbk.-B2C, -   ," 99,950.00 "
1.65009E+12,14/03/2024,Pbyrn Merchant,2187010754,PT. Bank Mandiri (Persero) Tbk.-B2C, -   ," 101,482.00 "
1.65009E+12,14/03/2024,Pbyrn Merchant,2188032638,PT. Bank Mandiri (Persero) Tbk.-B2C, -   ," 123,008.00 "
1.65009E+12,14/03/2024,Pbyrn Merchant,2269006658,PT. Bank Mandiri (Persero) Tbk.-B2C, -   ," 147,808.00 "
1.65009E+12,14/03/2024,Pbyrn Merchant,2269006666,PT. Bank Mandiri (Persero) Tbk.-B2C, -   ," 148,800.00 "
1.65009E+12,14/03/2024,Pbyrn Merchant,2159009478,PT. Bank Mandiri (Persero) Tbk.-B2C, -   ," 154,851.00 "
1.65009E+12,14/03/2024,Pbyrn Merchant,2103002372,PT. Bank Mandiri (Persero) Tbk.-B2C, -   ," 159,920.00 "
1.65009E+12,14/03/2024,Pbyrn Merchant,2269006798,PT. Bank Mandiri (Persero) Tbk.-B2C, -   ," 165,168.00 "
1.65009E+12,14/03/2024,Pbyrn Merchant,2226000945,PT. Bank Mandiri (Persero) Tbk.-B2C, -   ," 173,600.00 "
1.65009E+12,14/03/2024,Pbyrn Merchant,2187010771,PT. Bank Mandiri (Persero) Tbk.-B2C, -   ," 184,988.00 "
1.65009E+12,14/03/2024,Pbyrn Merchant,2150007734,PT. Bank Mandiri (Persero) Tbk.-B2C, -   ," 190,796.00 "
1.65009E+12,14/03/2024,Pbyrn Merchant,2180005670,PT. Bank Mandiri (Persero) Tbk.-B2C, -   ," 191,456.00 "
1.65009E+12,14/03/2024,Pbyrn Merchant,2177016168,PT. Bank Mandiri (Persero) Tbk.-B2C, -   ," 198,400.00 "
1.65009E+12,14/03/2024,Pbyrn Merchant,2180005695,PT. Bank Mandiri (Persero) Tbk.-B2C, -   ," 209,895.00 "
1.65009E+12,14/03/2024,Pbyrn Merchant,2179010646,PT. Bank Mandiri (Persero) Tbk.-B2C, -   ," 231,136.00 "
1.65009E+12,14/03/2024,Pbyrn Merchant,2189025356,PT. Bank Mandiri (Persero) Tbk.-B2C, -   ," 232,409.00 "
1.65009E+12,14/03/2024,Pbyrn Merchant,2269006838,PT. Bank Mandiri (Persero) Tbk.-B2C, -   ," 233,120.00 "
1.65009E+12,14/03/2024,Pbyrn Merchant,2189023786,PT. Bank Mandiri (Persero) Tbk.-B2C, -   ," 234,608.00 "
1.65009E+12,14/03/2024,Pbyrn Merchant,2180005708,PT. Bank Mandiri (Persero) Tbk.-B2C, -   ," 250,976.00 "
1.65009E+12,14/03/2024,Pbyrn Merchant,2180004050,PT. Bank Mandiri (Persero) Tbk.-B2C, -   ," 266,521.00 "
1.65009E+12,14/03/2024,Pbyrn Merchant,2183003438,PT. Bank Mandiri (Persero) Tbk.-B2C, -   ," 292,640.00 "
1.65009E+12,14/03/2024,Pbyrn Merchant,2188025494,PT. Bank Mandiri (Persero) Tbk.-B2C, -   ," 297,601.00 "
1.65009E+12,14/03/2024,Pbyrn Merchant,2163007351,PT. Bank Mandiri (Persero) Tbk.-B2C, -   ," 309,504.00 "
1.65009E+12,14/03/2024,Pbyrn Merchant,2019001610,PT. Bank Mandiri (Persero) Tbk.-B2C, -   ," 318,928.00 "
1.65009E+12,14/03/2024,Pbyrn Merchant,2269006601,PT. Bank Mandiri (Persero) Tbk.-B2C, -   ," 332,320.00 "
1.65009E+12,14/03/2024,Pbyrn Merchant,2180005671,PT. Bank Mandiri (Persero) Tbk.-B2C, -   ," 337,280.00 "
1.65009E+12,14/03/2024,Pbyrn Merchant,2188025502,PT. Bank Mandiri (Persero) Tbk.-B2C, -   ," 372,000.00 "
1.65009E+12,14/03/2024,Pbyrn Merchant,2191013421,PT. Bank Mandiri (Persero) Tbk.-B2C, -   ," 378,442.00 "
1.65009E+12,14/03/2024,Pbyrn Merchant,2264027609,PT. Bank Mandiri (Persero) Tbk.-B2C, -   ," 396,800.00 "
1.65009E+12,14/03/2024,Pbyrn Merchant,2189025378,PT. Bank Mandiri (Persero) Tbk.-B2C, -   ," 407,156.00 "
1.65009E+12,14/03/2024,Pbyrn Merchant,2177018120,PT. Bank Mandiri (Persero) Tbk.-B2C, -   ," 410,633.00 "
1.65009E+12,14/03/2024,Pbyrn Merchant,2392011804,PT. Bank Mandiri (Persero) Tbk.-B2C, -   ," 419,560.00 "
1.65009E+12,14/03/2024,Pbyrn Merchant,2189025424,PT. Bank Mandiri (Persero) Tbk.-B2C, -   ," 427,936.00 "
1.65009E+12,14/03/2024,Pbyrn Merchant,2191012857,PT. Bank Mandiri (Persero) Tbk.-B2C, -   ," 441,063.00 "
1.65009E+12,14/03/2024,Pbyrn Merchant,2179011160,PT. Bank Mandiri (Persero) Tbk.-B2C, -   ," 477,242.00 "
1.65009E+12,14/03/2024,Pbyrn Merchant,2189025406,PT. Bank Mandiri (Persero) Tbk.-B2C, -   ," 488,405.00 "
1.65009E+12,14/03/2024,Pbyrn Merchant,2180005499,PT. Bank Mandiri (Persero) Tbk.-B2C, -   ," 497,875.00 "
1.65009E+12,14/03/2024,Pbyrn Merchant,2189025383,PT. Bank Mandiri (Persero) Tbk.-B2C, -   ," 499,750.00 "
1.65009E+12,14/03/2024,Pbyrn Merchant,2250004847,PT. Bank Mandiri (Persero) Tbk.-B2C, -   ," 515,245.00 "
1.65009E+12,14/03/2024,Pbyrn Merchant,2177016373,PT. Bank Mandiri (Persero) Tbk.-B2C, -   ," 532,704.00 "
1.65009E+12,14/03/2024,Pbyrn Merchant,2264026925,PT. Bank Mandiri (Persero) Tbk.-B2C, -   ," 545,600.00 "
1.65009E+12,14/03/2024,Pbyrn Merchant,2250004014,PT. Bank Mandiri (Persero) Tbk.-B2C, -   ," 557,334.00 "
1.65009E+12,14/03/2024,Pbyrn Merchant,2188032601,PT. Bank Mandiri (Persero) Tbk.-B2C, -   ," 560,480.00 "
1.65009E+12,14/03/2024,Pbyrn Merchant,2183005433,PT. Bank Mandiri (Persero) Tbk.-B2C, -   ," 562,073.00 "
1.65009E+12,14/03/2024,Pbyrn Merchant,2051017890,PT. Bank Mandiri (Persero) Tbk.-B2C, -   ," 607,600.00 "
1.65009E+12,14/03/2024,Pbyrn Merchant,2191013403,PT. Bank Mandiri (Persero) Tbk.-B2C, -   ," 629,920.00 "
1.65009E+12,14/03/2024,Pbyrn Merchant,2180005972,PT. Bank Mandiri (Persero) Tbk.-B2C, -   ," 641,509.00 "
1.65009E+12,14/03/2024,Pbyrn Merchant,2187013277,PT. Bank Mandiri (Persero) Tbk.-B2C, -   ," 647,480.00 "
1.65009E+12,14/03/2024,Pbyrn Merchant,2092000006,PT. Bank Mandiri (Persero) Tbk.-B2C, -   ," 662,201.00 "
1.65009E+12,14/03/2024,Pbyrn Merchant,2264027598,PT. Bank Mandiri (Persero) Tbk.-B2C, -   ," 687,456.00 "
1.65009E+12,14/03/2024,Pbyrn Merchant,2187015417,PT. Bank Mandiri (Persero) Tbk.-B2C, -   ," 694,400.00 "
1.65009E+12,14/03/2024,Pbyrn Merchant,2269006650,PT. Bank Mandiri (Persero) Tbk.-B2C, -   ," 702,564.00 "
1.65009E+12,14/03/2024,Pbyrn Merchant,2166002120,PT. Bank Mandiri (Persero) Tbk.-B2C, -   ," 716,224.00 "
1.65009E+12,14/03/2024,Pbyrn Merchant,2156010770,PT. Bank Mandiri (Persero) Tbk.-B2C, -   ," 752,070.00 "
1.65009E+12,14/03/2024,Pbyrn Merchant,2189025409,PT. Bank Mandiri (Persero) Tbk.-B2C, -   ," 786,755.00 "
1.65009E+12,14/03/2024,Pbyrn Merchant,2269006839,PT. Bank Mandiri (Persero) Tbk.-B2C, -   ," 841,168.00 "
1.65009E+12,14/03/2024,Pbyrn Merchant,2162005998,PT. Bank Mandiri (Persero) Tbk.-B2C, -   ," 851,732.00 "
1.65009E+12,14/03/2024,Pbyrn Merchant,2183006204,PT. Bank Mandiri (Persero) Tbk.-B2C, -   ," 881,888.00 "
1.65009E+12,14/03/2024,Pbyrn Merchant,2270009689,PT. Bank Mandiri (Persero) Tbk.-B2C, -   ," 902,948.00 "
1.65009E+12,14/03/2024,Pbyrn Merchant,2180005516,PT. Bank Mandiri (Persero) Tbk.-B2C, -   ," 932,659.00 "
1.65009E+12,14/03/2024,Pbyrn Merchant,2179011187,PT. Bank Mandiri (Persero) Tbk.-B2C, -   ," 944,999.00 "
1.65009E+12,14/03/2024,Pbyrn Merchant,2191013402,PT. Bank Mandiri (Persero) Tbk.-B2C, -   ," 954,171.00 "
1.65009E+12,14/03/2024,Pbyrn Merchant,2177016862,PT. Bank Mandiri (Persero) Tbk.-B2C, -   ," 975,047.00 "
1.65009E+12,14/03/2024,Pbyrn Merchant,2159010021,PT. Bank Mandiri (Persero) Tbk.-B2C, -   ," 992,000.00 "
1.65009E+12,14/03/2024,Pbyrn Merchant,2268001066,PT. Bank Mandiri (Persero) Tbk.-B2C, -   ," 998,384.00 "
1.65009E+12,14/03/2024,Pbyrn Merchant,2189017598,PT. Bank Mandiri (Persero) Tbk.-B2C, -   ," 1,031,680.00 "
1.65009E+12,14/03/2024,Pbyrn Merchant,2264027629,PT. Bank Mandiri (Persero) Tbk.-B2C, -   ," 1,099,535.00 "
1.65009E+12,14/03/2024,Pbyrn Merchant,2191013457,PT. Bank Mandiri (Persero) Tbk.-B2C, -   ," 1,120,166.00 "
1.65009E+12,14/03/2024,Pbyrn Merchant,2159009972,PT. Bank Mandiri (Persero) Tbk.-B2C, -   ," 1,178,537.00 "
1.65009E+12,14/03/2024,Pbyrn Merchant,2156007362,PT. Bank Mandiri (Persero) Tbk.-B2C, -   ," 1,185,685.00 "
1.65009E+12,14/03/2024,Pbyrn Merchant,2191013395,PT. Bank Mandiri (Persero) Tbk.-B2C, -   ," 1,259,840.00 "
1.65009E+12,14/03/2024,Pbyrn Merchant,2191012885,PT. Bank Mandiri (Persero) Tbk.-B2C, -   ," 1,313,583.00 "
1.65009E+12,14/03/2024,Pbyrn Merchant,2180005672,PT. Bank Mandiri (Persero) Tbk.-B2C, -   ," 1,337,794.00 "
1.65009E+12,14/03/2024,Pbyrn Merchant,2191013397,PT. Bank Mandiri (Persero) Tbk.-B2C, -   ," 1,354,973.00 "
1.65009E+12,14/03/2024,Pbyrn Merchant,2188034744,PT. Bank Mandiri (Persero) Tbk.-B2C, -   ," 1,394,052.00 "
1.65009E+12,14/03/2024,Pbyrn Merchant,2189025136,PT. Bank Mandiri (Persero) Tbk.-B2C, -   ," 1,450,635.00 "
1.65009E+12,14/03/2024,Pbyrn Merchant,2190010446,PT. Bank Mandiri (Persero) Tbk.-B2C, -   ," 1,453,692.00 "
1.65009E+12,14/03/2024,Pbyrn Merchant,2189018566,PT. Bank Mandiri (Persero) Tbk.-B2C, -   ," 1,478,645.00 "
1.65009E+12,14/03/2024,Pbyrn Merchant,2183005730,PT. Bank Mandiri (Persero) Tbk.-B2C, -   ," 1,557,440.00 "
1.65009E+12,14/03/2024,Pbyrn Merchant,2189025160,PT. Bank Mandiri (Persero) Tbk.-B2C, -   ," 1,560,329.00 "
1.65009E+12,14/03/2024,Pbyrn Merchant,2189025361,PT. Bank Mandiri (Persero) Tbk.-B2C, -   ," 1,560,416.00 "
1.65009E+12,14/03/2024,Pbyrn Merchant,2189025377,PT. Bank Mandiri (Persero) Tbk.-B2C, -   ," 1,799,100.00 "
1.65009E+12,14/03/2024,Pbyrn Merchant,2189025394,PT. Bank Mandiri (Persero) Tbk.-B2C, -   ," 1,894,289.00 "
1.65009E+12,14/03/2024,Pbyrn Merchant,2223000554,PT. Bank Mandiri (Persero) Tbk.-B2C, -   ," 1,978,130.00 "
1.65009E+12,14/03/2024,Pbyrn Merchant,2159009473,PT. Bank Mandiri (Persero) Tbk.-B2C, -   ," 1,986,057.00 "
1.65009E+12,14/03/2024,Pbyrn Merchant,2191013404,PT. Bank Mandiri (Persero) Tbk.-B2C, -   ," 2,058,400.00 "
1.65009E+12,14/03/2024,Pbyrn Merchant,2177018063,PT. Bank Mandiri (Persero) Tbk.-B2C, -   ," 2,179,474.00 "
1.65009E+12,14/03/2024,Pbyrn Merchant,2187015444,PT. Bank Mandiri (Persero) Tbk.-B2C, -   ," 2,183,745.00 "
1.65009E+12,14/03/2024,Pbyrn Merchant,2336003862,PT. Bank Mandiri (Persero) Tbk.-B2C, -   ," 2,237,278.00 "
1.65009E+12,14/03/2024,Pbyrn Merchant,2183006199,PT. Bank Mandiri (Persero) Tbk.-B2C, -   ," 2,331,200.00 "
1.65009E+12,14/03/2024,Pbyrn Merchant,2264027632,PT. Bank Mandiri (Persero) Tbk.-B2C, -   ," 2,396,672.00 "
1.65009E+12,14/03/2024,Pbyrn Merchant,2019001639,PT. Bank Mandiri (Persero) Tbk.-B2C, -   ," 2,466,856.00 "
1.65009E+12,14/03/2024,Pbyrn Merchant,2199001227,PT. Bank Mandiri (Persero) Tbk.-B2C, -   ," 2,509,760.00 "
1.65009E+12,14/03/2024,Pbyrn Merchant,2188032381,PT. Bank Mandiri (Persero) Tbk.-B2C, -   ," 2,667,955.00 "
1.65009E+12,14/03/2024,Pbyrn Merchant,2189023035,PT. Bank Mandiri (Persero) Tbk.-B2C, -   ," 2,688,276.00 "
1.65009E+12,14/03/2024,Pbyrn Merchant,2156010362,PT. Bank Mandiri (Persero) Tbk.-B2C, -   ," 2,765,696.00 "
1.65009E+12,14/03/2024,Pbyrn Merchant,2190009424,PT. Bank Mandiri (Persero) Tbk.-B2C, -   ," 2,842,080.00 "
1.65009E+12,14/03/2024,Pbyrn Merchant,2187013883,PT. Bank Mandiri (Persero) Tbk.-B2C, -   ," 3,103,441.00 "
1.65009E+12,14/03/2024,Pbyrn Merchant,2189025393,PT. Bank Mandiri (Persero) Tbk.-B2C, -   ," 3,163,705.00 "
1.65009E+12,14/03/2024,Pbyrn Merchant,2174001189,PT. Bank Mandiri (Persero) Tbk.-B2C, -   ," 3,252,027.00 "
1.65009E+12,14/03/2024,Pbyrn Merchant,2264027644,PT. Bank Mandiri (Persero) Tbk.-B2C, -   ," 3,326,637.00 "
1.65009E+12,14/03/2024,Pbyrn Merchant,2177018096,PT. Bank Mandiri (Persero) Tbk.-B2C, -   ," 3,356,059.00 "
1.65009E+12,14/03/2024,Pbyrn Merchant,2189024468,PT. Bank Mandiri (Persero) Tbk.-B2C, -   ," 3,363,912.00 "
1.65009E+12,14/03/2024,Pbyrn Merchant,2361004380,PT. Bank Mandiri (Persero) Tbk.-B2C, -   ," 3,514,288.00 "
1.65009E+12,14/03/2024,Pbyrn Merchant,2189025353,PT. Bank Mandiri (Persero) Tbk.-B2C, -   ," 3,815,034.00 "
1.65009E+12,14/03/2024,Pbyrn Merchant,2180005958,PT. Bank Mandiri (Persero) Tbk.-B2C, -   ," 3,939,232.00 "
1.65009E+12,14/03/2024,Pbyrn Merchant,2019001637,PT. Bank Mandiri (Persero) Tbk.-B2C, -   ," 3,990,140.00 "
1.65009E+12,14/03/2024,Pbyrn Merchant,2152006460,PT. Bank Mandiri (Persero) Tbk.-B2C, -   ," 4,156,559.00 "
1.65009E+12,14/03/2024,Pbyrn Merchant,2269006680,PT. Bank Mandiri (Persero) Tbk.-B2C, -   ," 4,520,663.00 "
1.65009E+12,14/03/2024,Pbyrn Merchant,2180005986,PT. Bank Mandiri (Persero) Tbk.-B2C, -   ," 4,664,561.00 "
1.65009E+12,14/03/2024,Pbyrn Merchant,2189022957,PT. Bank Mandiri (Persero) Tbk.-B2C, -   ," 4,758,077.00 "
1.65009E+12,14/03/2024,Pbyrn Merchant,2179006339,PT. Bank Mandiri (Persero) Tbk.-B2C, -   ," 4,839,569.00 "
1.65009E+12,14/03/2024,Pbyrn Merchant,2189024110,PT. Bank Mandiri (Persero) Tbk.-B2C, -   ," 4,937,648.00 "
1.65009E+12,14/03/2024,Pbyrn Merchant,2187012018,PT. Bank Mandiri (Persero) Tbk.-B2C, -   ," 4,953,500.00 "
1.65009E+12,14/03/2024,Pbyrn Merchant,2174001188,PT. Bank Mandiri (Persero) Tbk.-B2C, -   ," 5,156,199.00 "
1.65009E+12,14/03/2024,Pbyrn Merchant,2187015472,PT. Bank Mandiri (Persero) Tbk.-B2C, -   ," 5,278,413.00 "
1.65009E+12,14/03/2024,Pbyrn Merchant,2189024101,PT. Bank Mandiri (Persero) Tbk.-B2C, -   ," 5,516,855.00 "
1.65009E+12,14/03/2024,Pbyrn Merchant,2179006340,PT. Bank Mandiri (Persero) Tbk.-B2C, -   ," 5,594,681.00 "
1.65009E+12,14/03/2024,Pbyrn Merchant,2103001726,PT. Bank Mandiri (Persero) Tbk.-B2C, -   ," 5,631,340.00 "
1.65009E+12,14/03/2024,Pbyrn Merchant,2224008035,PT. Bank Mandiri (Persero) Tbk.-B2C, -   ," 5,834,944.00 "
1.65009E+12,14/03/2024,Pbyrn Merchant,2191013442,PT. Bank Mandiri (Persero) Tbk.-B2C, -   ," 5,869,447.00 "
1.65009E+12,14/03/2024,Pbyrn Merchant,2179010411,PT. Bank Mandiri (Persero) Tbk.-B2C, -   ," 5,891,488.00 "
1.65009E+12,14/03/2024,Pbyrn Merchant,2117000940,PT. Bank Mandiri (Persero) Tbk.-B2C, -   ," 6,054,674.00 "
1.65009E+12,14/03/2024,Pbyrn Merchant,2187015234,PT. Bank Mandiri (Persero) Tbk.-B2C, -   ," 6,096,768.00 "
1.65009E+12,14/03/2024,Pbyrn Merchant,2193002621,PT. Bank Mandiri (Persero) Tbk.-B2C, -   ," 6,248,608.00 "
1.65009E+12,14/03/2024,Pbyrn Merchant,2225004468,PT. Bank Mandiri (Persero) Tbk.-B2C, -   ," 6,826,418.00 "
1.65009E+12,14/03/2024,Pbyrn Merchant,2165002038,PT. Bank Mandiri (Persero) Tbk.-B2C, -   ," 6,862,259.00 "
1.65009E+12,14/03/2024,Pbyrn Merchant,2163007394,PT. Bank Mandiri (Persero) Tbk.-B2C, -   ," 6,986,348.00 "
1.65009E+12,14/03/2024,Pbyrn Merchant,2190009658,PT. Bank Mandiri (Persero) Tbk.-B2C, -   ," 7,050,748.00 "
1.65009E+12,14/03/2024,Pbyrn Merchant,2268003049,PT. Bank Mandiri (Persero) Tbk.-B2C, -   ," 7,252,915.00 "
1.65009E+12,14/03/2024,Pbyrn Merchant,2268002701,PT. Bank Mandiri (Persero) Tbk.-B2C, -   ," 7,608,576.00 "
1.65009E+12,14/03/2024,Pbyrn Merchant,2179010400,PT. Bank Mandiri (Persero) Tbk.-B2C, -   ," 7,638,400.00 "
1.65009E+12,14/03/2024,Pbyrn Merchant,2160004465,PT. Bank Mandiri (Persero) Tbk.-B2C, -   ," 7,655,138.00 "
1.65009E+12,14/03/2024,Pbyrn Merchant,2177016738,PT. Bank Mandiri (Persero) Tbk.-B2C, -   ," 7,684,826.00 "
1.65009E+12,14/03/2024,Pbyrn Merchant,2187015230,PT. Bank Mandiri (Persero) Tbk.-B2C, -   ," 8,129,684.00 "
1.65009E+12,14/03/2024,Pbyrn Merchant,2188031904,PT. Bank Mandiri (Persero) Tbk.-B2C, -   ," 8,166,321.00 "
1.65009E+12,14/03/2024,Pbyrn Merchant,2165002037,PT. Bank Mandiri (Persero) Tbk.-B2C, -   ," 8,360,080.00 "
1.65009E+12,14/03/2024,Pbyrn Merchant,2190009397,PT. Bank Mandiri (Persero) Tbk.-B2C, -   ," 8,457,294.00 "
1.65009E+12,14/03/2024,Pbyrn Merchant,2180005507,PT. Bank Mandiri (Persero) Tbk.-B2C, -   ," 8,575,219.00 "
1.65009E+12,14/03/2024,Pbyrn Merchant,2189025352,PT. Bank Mandiri (Persero) Tbk.-B2C, -   ," 8,838,720.00 "
1.65009E+12,14/03/2024,Pbyrn Merchant,2156011066,PT. Bank Mandiri (Persero) Tbk.-B2C, -   ," 9,286,690.00 "
1.65009E+12,14/03/2024,Pbyrn Merchant,2265000605,PT. Bank Mandiri (Persero) Tbk.-B2C, -   ," 9,349,137.00 "
1.65009E+12,14/03/2024,Pbyrn Merchant,2190007478,PT. Bank Mandiri (Persero) Tbk.-B2C, -   ," 9,508,768.00 "
1.65009E+12,14/03/2024,Pbyrn Merchant,2190009657,PT. Bank Mandiri (Persero) Tbk.-B2C, -   ," 9,710,688.00 "
1.65009E+12,14/03/2024,Pbyrn Merchant,2189025153,PT. Bank Mandiri (Persero) Tbk.-B2C, -   ," 9,743,326.00 "
1.65009E+12,14/03/2024,Pbyrn Merchant,2336003438,PT. Bank Mandiri (Persero) Tbk.-B2C, -   ," 9,761,377.00 "
1.65009E+12,14/03/2024,Pbyrn Merchant,2027003094,PT. Bank Mandiri (Persero) Tbk.-B2C, -   ," 10,408,064.00 "
1.65009E+12,14/03/2024,Pbyrn Merchant,2191012892,PT. Bank Mandiri (Persero) Tbk.-B2C, -   ," 10,530,862.00 "
1.65009E+12,14/03/2024,Pbyrn Merchant,2189024104,PT. Bank Mandiri (Persero) Tbk.-B2C, -   ," 10,822,319.00 "
1.65009E+12,14/03/2024,Pbyrn Merchant,2189023681,PT. Bank Mandiri (Persero) Tbk.-B2C, -   ," 11,670,208.00 "
1.65009E+12,14/03/2024,Pbyrn Merchant,2180005508,PT. Bank Mandiri (Persero) Tbk.-B2C, -   ," 12,188,208.00 "
1.65009E+12,14/03/2024,Pbyrn Merchant,2191013394,PT. Bank Mandiri (Persero) Tbk.-B2C, -   ," 12,681,318.00 "
1.65009E+12,14/03/2024,Pbyrn Merchant,2189017651,PT. Bank Mandiri (Persero) Tbk.-B2C, -   ," 12,883,139.00 "
1.65009E+12,14/03/2024,Pbyrn Merchant,2191012887,PT. Bank Mandiri (Persero) Tbk.-B2C, -   ," 13,702,940.00 "
1.65009E+12,14/03/2024,Pbyrn Merchant,2159009973,PT. Bank Mandiri (Persero) Tbk.-B2C, -   ," 15,886,126.00 "
1.65009E+12,14/03/2024,Pbyrn Merchant,2188033877,PT. Bank Mandiri (Persero) Tbk.-B2C, -   ," 16,469,397.00 "
1.65009E+12,14/03/2024,Pbyrn Merchant,2191013161,PT. Bank Mandiri (Persero) Tbk.-B2C, -   ," 21,207,066.00 "
1.65009E+12,14/03/2024,Pbyrn Merchant,2189025289,PT. Bank Mandiri (Persero) Tbk.-B2C, -   ," 21,317,783.00 "
1.65009E+12,14/03/2024,Pbyrn Merchant,2189025426,PT. Bank Mandiri (Persero) Tbk.-B2C, -   ," 27,593,126.00 "
1.65009E+12,14/03/2024,Pbyrn Merchant,2159010007,PT. Bank Mandiri (Persero) Tbk.-B2C, -   ," 28,940,392.00 "
1.65009E+12,14/03/2024,Pbyrn Merchant,2183003441,PT. Bank Mandiri (Persero) Tbk.-B2C, -   ," 32,311,836.00 "
1.65009E+12,14/03/2024,Pbyrn Merchant,2189025401,PT. Bank Mandiri (Persero) Tbk.-B2C, -   ," 65,472,000.00 "
